"snp_removed","estimate","se","ci_lower","ci_upper","pvalue","pvalue."
"rs1002389",0.0416515958005595,0.0129118547874232,0.016344825443599,0.06695836615752,0,0.000746244605778362
"rs10062657",0.0416790512216488,0.0128811843813342,0.0164323937560139,0.0669257086872838,0,0.000746244605778362
"rs10169613",0.0419339835242778,0.0129079353268698,0.0166348951688408,0.0672330718797149,0,0.000746244605778362
"rs10173251",0.0429431362159129,0.0128976713242448,0.017664164935958,0.0682221074958678,0,0.000746244605778362
"rs10201401",0.041746245251567,0.0128899316947725,0.0164824433666315,0.0670100471365024,0,0.000746244605778362
"rs10268294",0.0418633207065082,0.0128936582835963,0.016592214841693,0.0671344265713235,0,0.000746244605778362
"rs10408179",0.0411693846164293,0.0129048464087501,0.015876350429258,0.0664624188036006,0,0.000746244605778362
"rs1046316",0.0412126232443677,0.0129128488113828,0.0159039046362466,0.0665213418524888,0,0.000746244605778362
"rs10830963",0.041813855132174,0.0129195427079763,0.0164920167278135,0.0671356935365346,0,0.000746244605778362
"rs10900325",0.042615001400816,0.0129261831493657,0.0172801479704906,0.0679498548311413,0,0.000746244605778362
"rs10938398",0.0417509014677753,0.0129111996870727,0.016445415083908,0.0670563878516426,0,0.000746244605778362
"rs10950494",0.0418222139965888,0.0128939895673214,0.0165504588276036,0.067093969165574,0,0.000746244605778362
"rs10965250",0.0407638676233818,0.0131628849430405,0.0149650872023779,0.0665626480443857,0,0.000746244605778362
"rs1117610",0.0420817440936591,0.0129180078463181,0.0167629139628697,0.0674005742244485,0,0.000746244605778362
"rs112108223",0.0424927197585135,0.01292242087741,0.0171652402457213,0.0678201992713056,0,0.000746244605778362
"rs11257655",0.0445612663681643,0.0129697115703885,0.0191410988003304,0.0699814339359982,0,0.000746244605778362
"rs1127215",0.0428922928489706,0.0129025180475363,0.0176038221659213,0.0681807635320199,0,0.000746244605778362
"rs1128249",0.0416342651254953,0.0129276355586573,0.0162965650252676,0.0669719652257231,0,0.000746244605778362
"rs113082607",0.0420000351109178,0.0129157769959796,0.0166855773664468,0.0673144928553889,0,0.000746244605778362
"rs114322470",0.0426770577156513,0.0129199365151624,0.017354447463389,0.0679996679679136,0,0.000746244605778362
"rs11471522",0.0423406329169999,0.0129185898713148,0.017020662038179,0.0676606037958208,0,0.000746244605778362
"rs115018313",0.0444932300556785,0.0128261605046793,0.019354417406577,0.0696320427047801,0,0.000746244605778362
"rs11514706",0.0426268643108489,0.0129476362491363,0.0172499635776164,0.0680037650440813,0,0.000746244605778362
"rs11607147",0.0420329804352812,0.0129146780831759,0.0167206765203277,0.0673452843502348,0,0.000746244605778362
"rs11651052",0.0432504024992588,0.0129825517732505,0.0178050685962613,0.0686957364022563,0,0.000746244605778362
"rs11680058",0.04200833371259,0.0129102529241034,0.0167047029500443,0.0673119644751356,0,0.000746244605778362
"rs116947250",0.0429818027622778,0.0128932457756166,0.0177115053982462,0.0682521001263095,0,0.000746244605778362
"rs117430555",0.0416799554690513,0.0128592524285343,0.0164762838410149,0.0668836270970877,0,0.000746244605778362
"rs11802899",0.0422541355169588,0.0129271386135434,0.0169174094112567,0.0675908616226609,0,0.000746244605778362
"rs11819995",0.0420509096969271,0.0129186709393088,0.0167307799277576,0.0673710394660966,0,0.000746244605778362
"rs11846158",0.0419753596524775,0.0129062708058379,0.0166795336983145,0.0672711856066406,0,0.000746244605778362
"rs12001437",0.0423436744278304,0.0129220607910843,0.0170169006712681,0.0676704481843928,0,0.000746244605778362
"rs12108088",0.040781930361766,0.0126701738472837,0.0159488459432287,0.0656150147803033,0,0.000746244605778362
"rs1215468",0.043518284961905,0.0129266323289119,0.0181825511558467,0.0688540187679634,0,0.000746244605778362
"rs12441261",0.0426444460581817,0.0129181155973905,0.0173254047391712,0.0679634873771921,0,0.000746244605778362
"rs12453376",0.0408795619686103,0.0128232379135155,0.0157464774929314,0.0660126464442892,0,0.000746244605778362
"rs12546365",0.0417039639713923,0.0128813756587013,0.0164569316090069,0.0669509963337778,0,0.000746244605778362
"rs12578595",0.042865529413112,0.0129458654093363,0.0174920994621101,0.068238959364114,0,0.000746244605778362
"rs1260326",0.0428428611406131,0.0129600961261711,0.0174415394971406,0.0682441827840856,0,0.000746244605778362
"rs12625671",0.0441625806668225,0.0127762474428957,0.019121595821175,0.0692035655124701,0,0.000746244605778362
"rs12692723",0.0423272277858324,0.0129264169054762,0.0169919162019493,0.0676625393697154,0,0.000746244605778362
"rs12698897",0.0424744953078881,0.0129382760572568,0.0171159402136279,0.0678330504021482,0,0.000746244605778362
"rs12763565",0.0416901669346115,0.0128794649986255,0.0164468793971614,0.0669334544720617,0,0.000746244605778362
"rs12910361",0.0418666930190947,0.0129541205332402,0.0164770833225531,0.0672563027156362,0,0.000746244605778362
"rs13073970",0.0421591456990824,0.0129209367505078,0.0168345750215671,0.0674837163765976,0,0.000746244605778362
"rs13086642",0.0431121224474522,0.0128789030996638,0.0178699362117299,0.0683543086831744,0,0.000746244605778362
"rs13162708",0.0414178410498775,0.0128865822564439,0.0161606039434346,0.0666750781563204,0,0.000746244605778362
"rs13266634",0.0442418301564172,0.0129944509342634,0.0187731743263882,0.0697104859864463,0,0.000746244605778362
"rs13292347",0.0422839209864499,0.0129221237770454,0.0169570237796722,0.0676108181932277,0,0.000746244605778362
"rs1362891",0.0436265018883377,0.0128428637251118,0.0184549515287626,0.0687980522479127,0,0.000746244605778362
"rs139722172",0.0428552708699806,0.0129030830264707,0.017565692848568,0.0681448488913932,0,0.000746244605778362
"rs140896965",0.0412967489822866,0.0128739610471856,0.0160642489914312,0.066529248973142,0,0.000746244605778362
"rs141330165",0.0420765657635811,0.0129293914577125,0.0167354241644449,0.0674177073627174,0,0.000746244605778362
"rs142682088",0.042913826320639,0.0128806801278779,0.0176681571736175,0.0681594954676605,0,0.000746244605778362
"rs143708136",0.0418109788541597,0.0128712729451469,0.016583747446487,0.0670382102618323,0,0.000746244605778362
"rs146733600",0.0427270763214438,0.0128964308536368,0.0174505363192046,0.0680036163236831,0,0.000746244605778362
"rs149336329",0.0424396222305121,0.0129317329555863,0.0170938913798733,0.0677853530811509,0,0.000746244605778362
"rs1515104",0.0420419773334268,0.0129402534248086,0.0166795466699809,0.0674044079968727,0,0.000746244605778362
"rs1567353",0.0424287749823228,0.0129245211003733,0.0170971791081632,0.0677603708564825,0,0.000746244605778362
"rs1574285",0.0429483910636766,0.0129461959902047,0.0175743131860785,0.0683224689412748,0,0.000746244605778362
"rs16858462",0.0428468554106375,0.0129061401962629,0.0175512854465375,0.0681424253747375,0,0.000746244605778362
"rs17036160",0.0426533419623041,0.0129409368397598,0.0172895718301672,0.068017112094441,0,0.000746244605778362
"rs1707498",0.0411877774670175,0.01286932202184,0.0159643697987629,0.0664111851352722,0,0.000746244605778362
"rs17101591",0.043776670810624,0.0127905177513765,0.0187077166743058,0.0688456249469422,0,0.000746244605778362
"rs17168486",0.0424674762625104,0.0129453865683753,0.0170949848225461,0.0678399677024746,0,0.000746244605778362
"rs17496664",0.0424480680931577,0.012916811145514,0.0171315834528448,0.0677645527334707,0,0.000746244605778362
"rs1776899",0.0423935243994128,0.0129382220819096,0.0170350750948891,0.0677519737039366,0,0.000746244605778362
"rs1794138",0.0427430491271135,0.0129128910314142,0.0174342477692514,0.0680518504849756,0,0.000746244605778362
"rs1861410",0.0423512942724635,0.012922507329305,0.0170236453170708,0.0676789432278562,0,0.000746244605778362
"rs192749",0.0423751652654799,0.0129212104310842,0.0170500581838916,0.0677002723470681,0,0.000746244605778362
"rs1966265",0.0426463689831508,0.0129248374896285,0.0173141529974459,0.0679785849688557,0,0.000746244605778362
"rs1977832",0.0429334294097942,0.0130375306763982,0.0173803388367177,0.0684865199828708,0,0.000746244605778362
"rs2010825",0.0413403224367449,0.0128495498900078,0.0161556674347791,0.0665249774387108,0,0.000746244605778362
"rs2034761",0.0423111898368879,0.0129228969567885,0.0169827772256601,0.0676396024481157,0,0.000746244605778362
"rs2115107",0.0419195712387923,0.0129159465894003,0.0166047810973247,0.0672343613802598,0,0.000746244605778362
"rs2237897",0.0461223234656034,0.0134405326631783,0.0197793635127397,0.0724652834184671,0,0.000746244605778362
"rs2270162",0.0433756640609839,0.0128629276717029,0.0181647890887026,0.0685865390332652,0,0.000746244605778362
"rs2382249",0.0417364478154052,0.0128917284589637,0.0164691243373663,0.0670037712934441,0,0.000746244605778362
"rs2578011",0.0437048801966261,0.0128920244814147,0.0184369765252447,0.0689727838680076,0,0.000746244605778362
"rs2583938",0.0427451704794813,0.0129438669498265,0.017375657437143,0.0681146835218196,0,0.000746244605778362
"rs2648731",0.0401340795362498,0.0127617870673368,0.0151214365059007,0.065146722566599,0,0.000746244605778362
"rs2706710",0.0424756793508381,0.0129196411191582,0.0171536480641052,0.067797710637571,0,0.000746244605778362
"rs2796441",0.0421110478540312,0.0129575601754631,0.016714696582613,0.0675073991254494,0,0.000746244605778362
"rs2815625",0.0414795749951694,0.0128429502416491,0.0163078550662972,0.0666512949240415,0,0.000746244605778362
"rs28375915",0.0418230378998328,0.0129049436058878,0.0165298132097724,0.0671162625898933,0,0.000746244605778362
"rs28637955",0.0416585747731713,0.0128356436656397,0.0165011754701278,0.0668159740762148,0,0.000746244605778362
"rs28642213",0.0419257384305251,0.0129734854208869,0.0164981742516313,0.0673533026094189,0,0.000746244605778362
"rs3110641",0.0430771784552379,0.012918379383006,0.0177576201259214,0.0683967367845543,0,0.000746244605778362
"rs340874",0.0425944031699356,0.0129378813849398,0.0172366216192024,0.0679521847206688,0,0.000746244605778362
"rs348330",0.0420236412228216,0.0129291027851454,0.0166830654115201,0.0673642170341231,0,0.000746244605778362
"rs34872471",0.0430410208663341,0.0133311251394599,0.0169124957195962,0.069169546013072,0,0.000746244605778362
"rs35352848",0.0433458930307022,0.012939864816292,0.0179842240259528,0.0687075620354516,0,0.000746244605778362
"rs35385487",0.0436849432361264,0.0128904741317453,0.0184200781942604,0.0689498082779924,0,0.000746244605778362
"rs35473599",0.0418839530780417,0.0128950561593827,0.0166101074270303,0.0671577987290532,0,0.000746244605778362
"rs35895680",0.0416797898698027,0.0128804421581805,0.0164345871348175,0.0669249926047878,0,0.000746244605778362
"rs35917376",0.0429094635601859,0.0128990280358577,0.0176278331743323,0.0681910939460394,0,0.000746244605778362
"rs3743140",0.0444966568290782,0.0127149086000407,0.0195758939062798,0.0694174197518767,0,0.000746244605778362
"rs3751297",0.0422229247235365,0.0129222797699847,0.016895721776216,0.067550127670857,0,0.000746244605778362
"rs3764002",0.0419404689026021,0.0129223354488063,0.0166131568267964,0.0672677809784077,0,0.000746244605778362
"rs3837333",0.042583477875345,0.01292545220748,0.0172500570647904,0.0679168986858996,0,0.000746244605778362
"rs3837848",0.0415296504228031,0.0128619063868419,0.0163207771320674,0.0667385237135389,0,0.000746244605778362
"rs3887925",0.0438588843359498,0.0128446238528231,0.0186838841894525,0.0690338844824471,0,0.000746244605778362
"rs3918296",0.0414426878147163,0.0128728080422189,0.0162124476720697,0.0666729279573628,0,0.000746244605778362
"rs39254",0.0416666377446508,0.0128775097885445,0.0164271823485415,0.0669060931407602,0,0.000746244605778362
"rs392794",0.0409840249769645,0.012878334283757,0.0157429535999334,0.0662250963539956,0,0.000746244605778362
"rs406767",0.0421549379550499,0.012913979835519,0.0168440025803562,0.0674658733297436,0,0.000746244605778362
"rs4273712",0.0433945998798716,0.0129028060177856,0.0181055647855052,0.0686836349742381,0,0.000746244605778362
"rs429358",0.0434031289152241,0.0128784451178947,0.0181618403072748,0.0686444175231734,0,0.000746244605778362
"rs4517619",0.0418239447717832,0.0128932497842967,0.0165536395508828,0.0670942499926836,0,0.000746244605778362
"rs4632135",0.0431631970191007,0.0128670554190175,0.0179442318107454,0.0683821622274559,0,0.000746244605778362
"rs4731701",0.0422665373693896,0.012931093301517,0.0169220602176891,0.0676110145210901,0,0.000746244605778362
"rs4854343",0.0421749316945847,0.0129297806891007,0.0168330272159458,0.0675168361732236,0,0.000746244605778362
"rs4901812",0.0421280608411467,0.0129203797434519,0.0168045818774001,0.0674515398048934,0,0.000746244605778362
"rs4930045",0.0415999527443383,0.0129119663912818,0.0162929636478344,0.0669069418408422,0,0.000746244605778362
"rs5215",0.0423042750603867,0.0129508642389066,0.016921047583462,0.0676875025373115,0,0.000746244605778362
"rs543159",0.0423923502645553,0.0129207898736987,0.0170680674602959,0.0677166330688147,0,0.000746244605778362
"rs554833",0.041414395496261,0.0128727142256548,0.0161843392307012,0.0666444517618209,0,0.000746244605778362
"rs56094641",0.0418258534601744,0.0130315322667828,0.0162845195539086,0.0673671873664402,0,0.000746244605778362
"rs56218782",0.0419000636170537,0.0129005242858275,0.0166155006351474,0.06718462659896,0,0.000746244605778362
"rs56348580",0.0419604645789689,0.0129066507759409,0.0166638938970888,0.067257035260849,0,0.000746244605778362
"rs576674",0.0428351222620722,0.0129330337058226,0.0174868419878174,0.068183402536327,0,0.000746244605778362
"rs58090211",0.0419762475404856,0.012918404476305,0.0166566400292068,0.0672958550517644,0,0.000746244605778362
"rs5855072",0.0396826010509766,0.0130120408872641,0.0141794695465763,0.0651857325553768,0,0.000746244605778362
"rs62262091",0.0420606000902161,0.0129072344062138,0.0167628855140208,0.0673583146664113,0,0.000746244605778362
"rs62319060",0.0418939201205671,0.0128987105796552,0.0166129119374371,0.0671749283036971,0,0.000746244605778362
"rs62405419",0.041127690985966,0.0128428103925952,0.0159562451562028,0.0662991368157293,0,0.000746244605778362
"rs62508166",0.0419970384844467,0.0129676199279777,0.0165809704604066,0.0674131065084869,0,0.000746244605778362
"rs633715",0.0420133222231484,0.0129182713959229,0.0166939755446254,0.0673326689016713,0,0.000746244605778362
"rs6438138",0.0420861542618548,0.0129188970544598,0.016765581315133,0.0674067272085766,0,0.000746244605778362
"rs6453133",0.0409752802813957,0.0128009351717158,0.0158859083764006,0.0660646521863907,0,0.000746244605778362
"rs6496742",0.0429507703486855,0.0129302898061812,0.0176078680189049,0.0682936726784661,0,0.000746244605778362
"rs6554060",0.0410665853645036,0.0127538580267171,0.016069482968201,0.0660636877608063,0,0.000746244605778362
"rs6567160",0.0414414671198062,0.0129321442073459,0.0160949302305299,0.0667880040090825,0,0.000746244605778362
"rs6813195",0.0405400291341959,0.0128373967964669,0.015379193757871,0.0657008645105209,0,0.000746244605778362
"rs6853272",0.0435296494374672,0.0128644483782517,0.0183157939351192,0.0687435049398152,0,0.000746244605778362
"rs6878122",0.0433120177670019,0.0128143711524522,0.0181963118236665,0.0684277237103374,0,0.000746244605778362
"rs6885132",0.042689264905786,0.0129170386827642,0.0173723343006575,0.0680061955109145,0,0.000746244605778362
"rs6919504",0.0423591564161676,0.0129248111582586,0.0170269920389993,0.0676913207933358,0,0.000746244605778362
"rs6985028",0.0419056317549628,0.0128955435280139,0.0166308308789869,0.0671804326309386,0,0.000746244605778362
"rs7030811",0.0431522126010485,0.0128834641439308,0.017901086882831,0.0684033383192661,0,0.000746244605778362
"rs7132351",0.0419765676370111,0.0129313638032767,0.0166315603116039,0.0673215749624183,0,0.000746244605778362
"rs7132908",0.0424778371809035,0.0129217948187476,0.017151584720542,0.067804089641265,0,0.000746244605778362
"rs7141",0.0430945705610786,0.0128686535044755,0.0178724731627815,0.0683166679593756,0,0.000746244605778362
"rs71424153",0.0407914990178421,0.0127292921059706,0.0158425449414497,0.0657404530942345,0,0.000746244605778362
"rs7172432",0.0445185794315077,0.0127969699010835,0.0194369793141409,0.0696001795488745,0,0.000746244605778362
"rs7250869",0.0420795536575574,0.0129295337279844,0.0167381332138122,0.0674209741013027,0,0.000746244605778362
"rs72640313",0.0429238147899688,0.0129079706781689,0.0176246571472587,0.0682229724326789,0,0.000746244605778362
"rs72802365",0.0420413518981304,0.0129249582511551,0.0167088992241826,0.0673738045720783,0,0.000746244605778362
"rs72830608",0.0434069217212392,0.0128505691317777,0.0182202690421128,0.0685935744003656,0,0.000746244605778362
"rs72906810",0.0418703395515252,0.0129161102743579,0.016555228593436,0.0671854505096144,0,0.000746244605778362
"rs72951548",0.0420467821180913,0.0129332846464773,0.0166980100091909,0.0673955542269916,0,0.000746244605778362
"rs72964564",0.0422933948447557,0.0129369488489536,0.0169374410309698,0.0676493486585416,0,0.000746244605778362
"rs73221113",0.0423162408866985,0.0129219661519407,0.016989652619449,0.067642829153948,0,0.000746244605778362
"rs73347525",0.0434464386931868,0.0128464805476576,0.0182677994916835,0.0686250778946901,0,0.000746244605778362
"rs73410774",0.043904172629464,0.0128320848872946,0.0187537484038059,0.069054596855122,0,0.000746244605778362
"rs74862545",0.0418911346249207,0.0129011152290598,0.0166054134155623,0.0671768558342791,0,0.000746244605778362
"rs75418188",0.0423691186420786,0.0129493791417326,0.0169888019021285,0.0677494353820287,0,0.000746244605778362
"rs755249",0.0438548917065144,0.0128233715875836,0.0187215452344763,0.0689882381785525,0,0.000746244605778362
"rs75872811",0.0429963567166734,0.0129121732704631,0.0176889621444249,0.0683037512889218,0,0.000746244605778362
"rs76177300",0.0426679427979744,0.0129152856772625,0.0173544480204939,0.0679814375754549,0,0.000746244605778362
"rs76895963",0.0410336189286942,0.012965444182093,0.0156218152882276,0.0664454225691608,0,0.000746244605778362
"rs7741521",0.0418012462039808,0.0128965247132952,0.0165245222401915,0.06707797016777,0,0.000746244605778362
"rs77464186",0.0438614435048798,0.0128715582917983,0.0186336528280472,0.0690892341817124,0,0.000746244605778362
"rs7778167",0.0414504925742948,0.0128680922329926,0.0162294952478897,0.0666714899006998,0,0.000746244605778362
"rs78470967",0.0424705343078496,0.0129169323972409,0.0171538120185188,0.0677872565971804,0,0.000746244605778362
"rs8043085",0.0413249495331789,0.0128587443474022,0.0161222737258627,0.0665276253404951,0,0.000746244605778362
"rs8100204",0.0417647450948501,0.0129051627721164,0.0164710908468748,0.0670583993428253,0,0.000746244605778362
"rs8100562",0.0421657358995905,0.0129215373766319,0.0168399880165037,0.0674914837826772,0,0.000746244605778362
"rs860262",0.0432571999151489,0.0129225297003648,0.0179295071132847,0.068584892717013,0,0.000746244605778362
"rs9265433",0.0407849340580212,0.0128560223121269,0.0155875933418091,0.0659822747742334,0,0.000746244605778362
"rs9304665",0.0427551993084229,0.0128962798441161,0.0174789552794056,0.0680314433374402,0,0.000746244605778362
"rs9368222",0.0454625361236933,0.0131308561783104,0.0197265309280297,0.0711985413193568,0,0.000746244605778362
"rs9379084",0.0434029729466223,0.0129213303264828,0.0180776308743708,0.0687283150188738,0,0.000746244605778362
"rs9562987",0.0419468032578523,0.0129081825720488,0.0166472303107691,0.0672463762049354,0,0.000746244605778362
"rs972119",0.0440920127126417,0.0126930946268884,0.0192140043915815,0.0689700210337018,0,0.000746244605778362
"rs9844972",0.0417287864921478,0.0128663070735584,0.0165112880139405,0.0669462849703551,0,0.000746244605778362
"rs9873519",0.0433000792631792,0.0128410675683739,0.0181320493061209,0.0684681092202374,0,0.000746244605778362
